 ,Label,Area,Mean,Min,Max,X,Y,XM,YM,Perim.,Major,Minor,Angle,Feret,IntDen,RawIntDen,FeretX,FeretY,FeretAngle,MinFeret,MinThr,MaxThr
17,C2-Composite.tif,3967,255,255,255,689.557,26.19,689.557,26.19,288.593,80.088,63.067,171.595,87.727,1011585,1011585,647,0,133.152,67,0,0
18,C2-Composite.tif,3892,255,255,255,2526.93,29.601,2526.93,29.601,339.848,79.266,62.517,3.026,99.282,992460,992460,2476,44,26.307,64,0,0
19,C2-Composite.tif,1253,255,255,255,2890.721,12.112,2890.721,12.112,157.539,53.518,29.81,176.471,58.694,319515,319515,2860,0,171.18,30,0,0
20,C2-Composite.tif,1912,255,255,255,3238.619,20.885,3238.619,20.885,205.38,68.931,35.317,1.512,68.884,487560,487560,3204,10,170.811,37.142,0,0
21,C2-Composite.tif,2058,255,255,255,1776.624,51.585,1776.624,51.585,199.179,60.843,43.067,157.685,67.067,524790,524790,1745,42,159.944,43.821,0,0
22,C2-Composite.tif,4661,255,255,255,2617.534,67.468,2617.534,67.468,324.032,82.971,71.525,45.564,87.098,1188555,1188555,2574,77,12.6,73.046,0,0
23,C2-Composite.tif,2193,255,255,255,1897.925,62.993,1897.925,62.993,227.22,58.859,47.439,7.214,65.46,559215,559215,1869,76,18.712,50.235,0,0
24,C2-Composite.tif,6308,255,255,255,655.533,103.398,655.533,103.398,463.085,97.595,82.295,110.773,130.771,1608540,1608540,646,48,105.524,86.531,0,0
25,C2-Composite.tif,3322,255,255,255,1748.166,93.041,1748.166,93.041,234.635,69.844,60.559,118.039,73.437,847110,847110,1745,56,96.254,62.474,0,0
26,C2-Composite.tif,1427,255,255,255,786.883,87.833,786.883,87.833,161.581,53.129,34.198,65.943,55.543,363885,363885,774,113,66.666,36.879,0,0
27,C2-Composite.tif,1152,255,255,255,3677.489,87.711,3677.489,87.711,140.225,44.728,32.793,89.13,47.413,293760,293760,3670,110,62.354,32,0,0
28,C2-Composite.tif,1955,255,255,255,3715.416,94.376,3715.416,94.376,192.752,56.615,43.967,122.572,64.405,498525,498525,3693,68,126.158,49,0,0
29,C2-Composite.tif,1131,255,255,255,748.041,98.344,748.041,98.344,156.267,39.821,36.163,167.806,47.434,288405,288405,729,112,55.305,42.029,0,0
30,C2-Composite.tif,2515,255,255,255,1880.218,106.677,1880.218,106.677,218.007,65.684,48.752,159.375,70.029,641325,641325,1847,105,178.363,49.811,0,0
31,C2-Composite.tif,1920,255,255,255,827.535,104.429,827.535,104.429,184.309,59.658,40.978,121.828,63.008,489600,489600,809,78,125.961,44.33,0,0
32,C2-Composite.tif,2872,255,255,255,2735.005,122.413,2735.005,122.413,286.333,84.503,43.274,54.632,91.285,732360,732360,2711,162,65.4,47.576,0,0
33,C2-Composite.tif,1823,255,255,255,537.21,124.154,537.21,124.154,308.693,70.407,32.967,115.332,104.101,464865,464865,490,94,121.247,54.575,0,0
34,C2-Composite.tif,3645,255,255,255,3646.733,136.027,3646.733,136.027,289.99,76.605,60.583,29.665,87.556,929475,929475,3611,144,13.878,65.793,0,0
35,C2-Composite.tif,4091,255,255,255,496.583,148.234,496.583,148.234,286.534,82.726,62.965,71.903,89.471,1043205,1043205,473,187,62.003,70.029,0,0
36,C2-Composite.tif,1106,255,255,255,744.106,128.259,744.106,128.259,139.255,45.283,31.098,6.462,47.508,282030,282030,727,112,149.657,33.812,0,0
37,C2-Composite.tif,2301,255,255,255,1142.347,150.472,1142.347,150.472,236.693,63.055,46.463,62.3,69.635,586755,586755,1124,179,54.941,50.262,0,0
38,C2-Composite.tif,2980,255,255,255,2104.026,166.422,2104.026,166.422,239.664,65.177,58.215,88.198,73.824,759900,759900,2099,203,65.171,61,0,0
39,C2-Composite.tif,1543,255,255,255,762.313,154.946,762.313,154.946,226.551,53.62,36.639,2.503,69.778,393465,393465,730,147,154.537,42.733,0,0
40,C2-Composite.tif,4419,255,255,255,2830.125,181.209,2830.125,181.209,308.375,82.137,68.501,26.68,92.763,1126845,1126845,2782,187,11.189,71.994,0,0
41,C2-Composite.tif,2040,255,255,255,3097.615,167.327,3097.615,167.327,251.463,56.451,46.011,34.904,63.127,520200,520200,3080,193,40.503,51.052,0,0
42,C2-Composite.tif,1830,255,255,255,2459.537,174.423,2459.537,174.423,186.51,49.705,46.877,29.942,58.189,466650,466650,2430,174,19.058,47.676,0,0
43,C2-Composite.tif,1182,255,255,255,2494.354,179.541,2494.354,179.541,187.238,51.051,29.479,96.288,57.585,301410,301410,2492,150,110.323,32.54,0,0
44,C2-Composite.tif,1205,255,255,255,3034.639,176.147,3034.639,176.147,163.38,46.38,33.08,124.87,47.539,307275,307275,3026,154,112.249,35.329,0,0
45,C2-Composite.tif,1927,255,255,255,1184.576,183.217,1184.576,183.217,182.409,51.529,47.615,125.552,58.6,491385,491385,1159,170,143.326,49,0,0
46,C2-Composite.tif,1118,255,255,255,3438.547,203.412,3438.547,203.412,153.681,43.179,32.967,176.761,45.695,285090,285090,3417,212,23.199,35.846,0,0
47,C2-Composite.tif,3626,255,255,255,1833.884,226.354,1833.884,226.354,265.22,78.88,58.529,167.387,87.207,924630,924630,1792,230,176.055,60.233,0,0
48,C2-Composite.tif,1392,255,255,255,1211.575,225.774,1211.575,225.774,158.853,45.412,39.028,118.429,50.606,354960,354960,1191,208,142.224,40.022,0,0
49,C2-Composite.tif,1808,255,255,255,2097.079,231.672,2097.079,231.672,208.693,49.223,46.767,41.555,56.921,461040,461040,2065,239,18.435,50.755,0,0
50,C2-Composite.tif,2270,255,255,255,2662.426,232.819,2662.426,232.819,222.066,60.258,47.965,108.614,76.007,578850,578850,2639,205,122.645,47,0,0
51,C2-Composite.tif,3248,255,255,255,2712.026,240.658,2712.026,240.658,312.392,67.744,61.046,115.583,77.621,828240,828240,2682,271,51.801,65.975,0,0
52,C2-Composite.tif,1555,255,255,255,3468.395,243.883,3468.395,243.883,183.38,59.117,33.491,129.785,62.241,396525,396525,3446,220,136.302,36.062,0,0
53,C2-Composite.tif,3650,255,255,255,2838.532,260.919,2838.532,260.919,304.291,84.016,55.315,160.871,94.578,930750,930750,2806,230,146.646,60.949,0,0
54,C2-Composite.tif,1530,255,255,255,3398.786,257.494,3398.786,257.494,168.066,51.118,38.109,79.524,51.478,390150,390150,3386,279,65.925,39.186,0,0
55,C2-Composite.tif,4891,255,255,255,762.373,272.766,762.373,272.766,333.605,90.615,68.724,9.144,107.224,1247205,1247205,710,278,19.618,70.94,0,0
56,C2-Composite.tif,2357,255,255,255,1725.867,265.799,1725.867,265.799,221.078,60.528,49.581,178.193,68.184,601035,601035,1688,261,175.795,51.786,0,0
57,C2-Composite.tif,2788,255,255,255,2474.758,277.971,2474.758,277.971,248.693,65.443,54.242,123.485,71.589,710940,710940,2461,310,77.905,58.307,0,0
58,C2-Composite.tif,1657,255,255,255,2523.189,282.421,2523.189,282.421,164.853,48.908,43.137,80.862,52.326,422535,422535,2509,306,63.925,42.647,0,0
59,C2-Composite.tif,2724,255,255,255,1812.365,323.244,1812.365,323.244,226.894,69.756,49.72,65.405,81.025,694620,694620,1787,355,54.545,50.982,0,0
60,C2-Composite.tif,1629,255,255,255,1697.941,321.391,1697.941,321.391,174.066,49.157,42.193,70.891,53.075,415395,415395,1675,340,42.709,43.213,0,0
61,C2-Composite.tif,4427,255,255,255,2730.803,357.02,2730.803,357.02,277.706,77.542,72.692,121.021,81.437,1128885,1128885,2694,343,155.323,73.67,0,0
62,C2-Composite.tif,1915,255,255,255,3548.461,356.943,3548.461,356.943,179.137,54.093,45.075,101.233,60.017,488325,488325,3549,324,100.561,47.75,0,0
63,C2-Composite.tif,2760,255,255,255,616.641,373.307,616.641,373.307,236.978,59.86,58.706,90.56,66.708,703800,703800,600,405,66.125,58.494,0,0
64,C2-Composite.tif,2308,255,255,255,1828.386,380.972,1828.386,380.972,250.108,61.589,47.714,168.834,86.128,588540,588540,1791,375,164.511,49,0,0
65,C2-Composite.tif,4795,255,255,255,330.88,420.411,330.88,420.411,343.304,86.014,70.979,52.876,100.955,1222725,1222725,306,464,56.31,71.683,0,0
66,C2-Composite.tif,4283,255,255,255,3572.529,419.973,3572.529,419.973,306.777,81.557,66.865,46.895,90.554,1092165,1092165,3536,455,30.53,76.012,0,0
67,C2-Composite.tif,1813,255,255,255,1108.672,405.127,1108.672,405.127,168.652,48.341,47.752,26.573,51.313,462315,462315,1094,383,123.071,48.076,0,0
68,C2-Composite.tif,1992,255,255,255,2593.054,409.401,2593.054,409.401,183.238,56.182,45.144,128.167,58.6,507960,507960,2585,383,115.253,47.704,0,0
69,C2-Composite.tif,1755,255,255,255,3022.189,419.257,3022.189,419.257,163.439,51.208,43.636,2.491,53.151,447525,447525,2995,420,175.684,43,0,0
70,C2-Composite.tif,3936,255,255,255,1589.021,430.434,1589.021,430.434,284.534,76.003,65.937,175.784,85.159,1003680,1003680,1550,421,170.538,66,0,0
71,C2-Composite.tif,2413,255,255,255,889.677,432.191,889.677,432.191,201.865,62.16,49.426,106.539,67.231,615315,615315,877,402,112.751,51.251,0,0
72,C2-Composite.tif,3440,255,255,255,1144.174,440.325,1144.174,440.325,300.475,97.696,44.832,22.632,103.73,877200,877200,1091,458,19.134,50.088,0,0
73,C2-Composite.tif,1048,255,255,255,2976.325,429.117,2976.325,429.117,136.51,38.264,34.872,85.233,40.311,267240,267240,2965,412,119.745,35.229,0,0
74,C2-Composite.tif,1988,255,255,255,981.377,444.81,981.377,444.81,201.664,57.896,43.72,148.447,60.166,506940,506940,968,417,111.448,45,0,0
75,C2-Composite.tif,2633,255,255,255,2646.753,472.901,2646.753,472.901,250.836,63.046,53.174,168.24,73.817,671415,671415,2636,501,54.372,59.834,0,0
76,C2-Composite.tif,1691,255,255,255,3019.462,461.912,3019.462,461.912,160.267,47.609,45.224,2.289,49.679,431205,431205,3003,479,49.899,45,0,0
77,C2-Composite.tif,2787,255,255,255,945.764,473.446,945.764,473.446,242.978,79.531,44.618,148.388,82.006,710685,710685,902,466,164.438,47.665,0,0
78,C2-Composite.tif,3619,255,255,255,2026.23,493.54,2026.23,493.54,295.362,78.176,58.942,11.57,92.347,922845,922845,1972,487,175.03,66.548,0,0
79,C2-Composite.tif,5660,255,255,255,1862.186,506.23,1862.186,506.23,355.789,96.988,74.303,28.39,107.042,1443300,1443300,1803,512,29.678,79.196,0,0
80,C2-Composite.tif,8747,255,255,255,467.14,528.247,467.14,528.247,479.571,108.93,102.24,56.83,121.202,2230485,2230485,442,583,56.441,105,0,0
81,C2-Composite.tif,2082,255,255,255,2084.519,509.707,2084.519,509.707,196.652,58.54,45.283,40.071,67.209,530910,530910,2060,531,43.191,49.157,0,0
82,C2-Composite.tif,1494,255,255,255,1202.173,512.2,1202.173,512.2,177.338,54.036,35.203,63.636,56.303,380970,380970,1184,535,56.592,39.83,0,0
83,C2-Composite.tif,2809,255,255,255,590.599,520.406,590.599,520.406,208.551,63.153,56.633,34.518,65.803,716295,716295,563,540,36.347,58.188,0,0
84,C2-Composite.tif,5099,255,255,255,1391.577,552.77,1391.577,552.77,395.446,82.885,78.328,109.671,119.52,1300245,1300245,1369,497,99.147,79.007,0,0
85,C2-Composite.tif,2213,255,255,255,1133.143,536.871,1133.143,536.871,209.38,56.378,49.979,49.956,62.169,564315,564315,1119,562,64.259,52.28,0,0
86,C2-Composite.tif,1703,255,255,255,1268.821,559.305,1268.821,559.305,183.823,52.049,41.66,149.969,57.489,434265,434265,1248,546,139.939,49.149,0,0
87,C2-Composite.tif,1607,255,255,255,2029.397,555.751,2029.397,555.751,165.782,52.616,38.887,160.946,56.851,409785,409785,2006,539,140.711,38.546,0,0
88,C2-Composite.tif,1971,255,255,255,954.877,570.109,954.877,570.109,209.664,53.168,47.201,156.334,64.008,502605,502605,932,556,151.032,48.79,0,0
89,C2-Composite.tif,5298,255,255,255,1677.613,582.908,1677.613,582.908,345.889,92.154,73.199,24.31,108.453,1350990,1350990,1639,606,32.957,78.456,0,0
90,C2-Composite.tif,2364,255,255,255,598.847,575.556,598.847,575.556,223.078,60.606,49.664,1.747,68.593,602820,602820,568,580,7.539,53,0,0
91,C2-Composite.tif,2042,255,255,255,1258.799,596.356,1258.799,596.356,199.238,56.486,46.028,166.269,61.465,520710,520710,1241,568,111.975,47.987,0,0
92,C2-Composite.tif,2409,255,255,255,909.025,607.12,909.025,607.12,218.492,59.791,51.299,108.012,69.462,614295,614295,910,640,83.387,53.759,0,0
93,C2-Composite.tif,1106,255,255,255,44.092,594.534,44.092,594.534,153.238,43.116,32.66,29.199,46.325,282030,282030,22,595,13.736,35.282,0,0
94,C2-Composite.tif,5040,255,255,255,1791.048,626.768,1791.048,626.768,367.345,81.766,78.481,133.267,97.622,1285200,1285200,1740,636,6.47,80.077,0,0
95,C2-Composite.tif,9478,255,255,255,1555.329,655.995,1555.329,655.995,508.139,135.746,88.9,47.814,148.408,2416890,2416890,1511,717,57.381,91.066,0,0
96,C2-Composite.tif,3427,255,255,255,178.214,658.439,178.214,658.439,256.735,69.126,63.122,139.411,74.33,873885,873885,154,626,132.274,65.249,0,0
97,C2-Composite.tif,1896,255,255,255,24.281,646.881,24.281,646.881,193.48,50.913,47.416,10.925,57.245,483480,483480,0,632,152.987,51.034,0,0
98,C2-Composite.tif,3398,255,255,255,464.895,658.311,464.895,658.311,303.99,77.275,55.988,179.98,79.12,866490,866490,426,645,159.274,60.185,0,0
99,C2-Composite.tif,4816,255,255,255,3491.777,667.982,3491.777,667.982,380.517,83.833,73.144,163.694,106.042,1228080,1228080,3441,693,20.999,75.596,0,0
100,C2-Composite.tif,4476,255,255,255,880.975,683.38,880.975,683.38,321.019,96.408,59.114,0.601,99.639,1141380,1141380,831,665,169.592,65.472,0,0
101,C2-Composite.tif,1832,255,255,255,800.672,706.31,800.672,706.31,261.563,66.722,34.96,146.12,102.083,467160,467160,750,680,150.673,40.912,0,0
102,C2-Composite.tif,1614,255,255,255,1392.884,704.208,1392.884,704.208,181.622,52.892,38.853,63.818,58.31,411570,411570,1378,731,59.036,41.503,0,0
103,C2-Composite.tif,1106,255,255,255,1475.692,708.754,1475.692,708.754,234.049,43.686,32.234,37.71,56.604,282030,282030,1458,730,32.005,41.801,0,0
104,C2-Composite.tif,3642,255,255,255,1766.728,727.466,1766.728,727.466,291.948,72.884,63.623,1.243,74.673,928710,928710,1730,720,172.304,66.488,0,0
105,C2-Composite.tif,1761,255,255,255,744.59,738.424,744.59,738.424,214.794,50.841,44.101,119.808,70.456,449055,449055,735,705,124.592,48.534,0,0
106,C2-Composite.tif,2724,255,255,255,2787.414,744.967,2787.414,744.967,219.664,62.799,55.228,171.792,66.098,694620,694620,2756,730,162.387,57,0,0
107,C2-Composite.tif,2902,255,255,255,1437.356,752.151,1437.356,752.151,283.161,67.348,54.864,172.438,76.322,740010,740010,1401,768,21.523,58.518,0,0
108,C2-Composite.tif,2029,255,255,255,2623.272,750.581,2623.272,750.581,211.522,58.711,44.002,141.277,67.209,517395,517395,2599,727,133.191,46.343,0,0
109,C2-Composite.tif,6003,255,255,255,3365.892,767.211,3365.892,767.211,428.458,97.889,78.081,13.547,117.239,1530765,1530765,3317,767,171.663,81.049,0,0
110,C2-Composite.tif,2186,255,255,255,2859.354,758.468,2859.354,758.468,194.208,56.074,49.636,147.966,60.539,557430,557430,2828,753,149.199,51.925,0,0
111,C2-Composite.tif,3907,255,255,255,423.779,781.365,423.779,781.365,257.078,72.056,69.038,19.134,75.007,996285,996285,396,805,47.161,69.953,0,0
112,C2-Composite.tif,4477,255,255,255,3176.63,793.502,3176.63,793.502,419.227,89.596,63.622,39.909,93.814,1141635,1141635,3147,827,35.893,67.386,0,0
113,C2-Composite.tif,3640,255,255,255,756.665,794.412,756.665,794.412,309.563,74.798,61.961,120.293,86.052,928200,928200,726,760,128.868,64.051,0,0
114,C2-Composite.tif,4689,255,255,255,1482.679,822.876,1482.679,822.876,349.99,94.18,63.392,90.908,105.171,1195695,1195695,1476,764,93.27,64.087,0,0
115,C2-Composite.tif,2565,255,255,255,3087.456,801.014,3087.456,801.014,204.936,67.328,48.507,57.068,68.007,654075,654075,3073,832,72.897,49.646,0,0
116,C2-Composite.tif,4548,255,255,255,3644.751,813.584,3644.751,813.584,311.789,79.937,72.441,128.342,82.298,1159740,1159740,3609,794,152.501,73.56,0,0
117,C2-Composite.tif,1780,255,255,255,2615.647,801.02,2615.647,801.02,174.794,52.679,43.022,55.255,56.294,453900,453900,2610,829,77.692,45.221,0,0
118,C2-Composite.tif,1003,255,255,255,712.79,796.286,712.79,796.286,142.125,40.254,31.725,68.665,45.343,255765,255765,693,808,41.424,34,0,0
119,C2-Composite.tif,2164,255,255,255,2816.42,802.854,2816.42,802.854,201.137,63.291,43.534,22.478,63.82,551820,551820,2791,821,35.433,44.254,0,0
120,C2-Composite.tif,1645,255,255,255,2041.371,820.771,2041.371,820.771,210.492,49.163,42.603,73.35,56.321,419475,419475,2043,790,96.116,45.616,0,0
121,C2-Composite.tif,1931,255,255,255,2639.059,842.456,2639.059,842.456,216.25,51.591,47.656,28.732,62.008,492405,492405,2622,870,52.206,49.091,0,0
122,C2-Composite.tif,5463,255,255,255,189.206,885.458,189.206,885.458,386.032,92.089,75.533,111.901,111.893,1393065,1393065,163,836,118.856,77.181,0,0
123,C2-Composite.tif,2603,255,255,255,754.382,877.262,754.382,877.262,208.936,63.604,52.108,137.813,68.425,663765,663765,738,849,116.94,52.974,0,0
124,C2-Composite.tif,1665,255,255,255,1999.385,883.861,1999.385,883.861,177.137,54.786,38.695,14.76,59.908,424575,424575,1971,895,14.5,42.415,0,0
125,C2-Composite.tif,2312,255,255,255,669.96,888.908,669.96,888.908,196.108,56.011,52.556,15.945,60.407,589560,589560,645,876,160.665,54.027,0,0
126,C2-Composite.tif,2534,255,255,255,27.412,916.044,27.412,916.044,222.693,67.198,48.013,106.365,69.426,646170,646170,19,951,78.366,51.252,0,0
127,C2-Composite.tif,1356,255,255,255,742.702,922.463,742.702,922.463,156.267,49.287,35.03,10.235,52.393,345780,345780,720,932,23.629,38,0,0
128,C2-Composite.tif,2305,255,255,255,3305.665,959.566,3305.665,959.566,208.693,55.334,53.038,124.164,59.414,587775,587775,3283,938,136.364,53.43,0,0
129,C2-Composite.tif,1962,255,255,255,2618.516,977.328,2618.516,977.328,226.735,53.305,46.865,153.386,59.775,500310,500310,2594,961,162.474,48.57,0,0
130,C2-Composite.tif,2396,255,255,255,2208.515,990.853,2208.515,990.853,222.149,65.726,46.415,43.705,65.46,610980,610980,2195,1022,55.582,50.092,0,0
131,C2-Composite.tif,2322,255,255,255,2703.887,999.778,2703.887,999.778,235.078,71.119,41.57,106.729,71.568,592110,592110,2695,964,105.396,44.513,0,0
132,C2-Composite.tif,2489,255,255,255,1041.78,997.455,1041.78,997.455,208.108,59.32,53.424,88.469,62.29,634695,634695,1036,1030,84.472,55,0,0
133,C2-Composite.tif,5110,255,255,255,1480.484,1010.487,1480.484,1010.487,340.919,85.062,76.488,170.595,92.801,1303050,1303050,1438,981,142.883,80.015,0,0
134,C2-Composite.tif,2020,255,255,255,2290.178,1015.213,2290.178,1015.213,200.693,63.873,40.267,79.309,66.611,515100,515100,2289,1051,82.235,42.625,0,0
135,C2-Composite.tif,3312,255,255,255,672.707,1021.68,672.707,1021.68,322.96,68.929,61.178,126.381,76.851,844560,844560,648,996,147.758,69,0,0
136,C2-Composite.tif,1206,255,255,255,2243.014,1013.618,2243.014,1013.618,145.48,42.016,36.546,125.825,47.096,307530,307530,2243,1038,86.348,37.477,0,0
137,C2-Composite.tif,2992,255,255,255,3039.715,1026.228,3039.715,1026.228,242.693,74.251,51.306,163.077,75.664,762960,762960,3002,1026,172.405,52.09,0,0
138,C2-Composite.tif,2386,255,255,255,2645.179,1025.212,2645.179,1025.212,230.35,74.487,40.785,168.357,76.026,608430,608430,2613,1004,153.435,45.388,0,0
139,C2-Composite.tif,3082,255,255,255,1372.697,1048.591,1372.697,1048.591,245.806,67.216,58.381,100.139,71.344,785910,785910,1372,1012,95.631,62.736,0,0
140,C2-Composite.tif,2183,255,255,255,3349.003,1051.097,3349.003,1051.097,239.522,56.408,49.275,163.644,72.18,556665,556665,3335,1075,47.246,55.892,0,0
141,C2-Composite.tif,3427,255,255,255,1016.658,1068.897,1016.658,1068.897,261.019,73.704,59.201,54.555,74.673,873885,873885,977,1073,7.696,61.032,0,0
142,C2-Composite.tif,1836,255,255,255,2264.377,1064.938,2264.377,1064.938,186.309,60.459,38.665,163.843,60.407,468180,468180,2234,1060,173.346,40.226,0,0
143,C2-Composite.tif,1133,255,255,255,2972.975,1082.266,2972.975,1082.266,128.711,42.381,34.039,23.29,43.681,288915,288915,2952,1087,15.945,34.785,0,0
144,C2-Composite.tif,2499,255,255,255,3057.973,1096.638,3057.973,1096.638,196.066,61.744,51.532,112.54,65.368,637245,637245,3036,1070,119.31,52.274,0,0
145,C2-Composite.tif,5703,255,255,255,2547.772,1119.948,2547.772,1119.948,407.831,98.787,73.505,71.187,107.424,1454265,1454265,2518,1169,65.821,87.654,0,0
146,C2-Composite.tif,1869,255,255,255,730.014,1126.624,730.014,1126.624,198.409,58.213,40.879,21.679,61.62,476595,476595,708,1151,41.711,42.752,0,0
147,C2-Composite.tif,3096,255,255,255,2369.719,1147.098,2369.719,1147.098,301.463,66.381,59.384,112.933,82.347,789480,789480,2341,1131,155.614,64,0,0
148,C2-Composite.tif,5618,255,255,255,2029.733,1166.419,2029.733,1166.419,375.203,88.616,80.719,16.767,107.898,1432590,1432590,1977,1191,34.426,82.522,0,0
149,C2-Composite.tif,1988,255,255,255,31.07,1159.498,31.07,1159.498,189.137,62.393,40.569,57.223,64.885,506940,506940,15,1186,61.46,42.539,0,0
150,C2-Composite.tif,2870,255,255,255,740.904,1171.238,740.904,1171.238,280.25,63.025,57.98,135.754,78.294,731850,731850,700,1162,155.072,60.05,0,0
151,C2-Composite.tif,1150,255,255,255,2927.558,1176.015,2927.558,1176.015,171.439,43.733,33.481,85.09,54.644,293250,293250,2917,1194,55.437,37.378,0,0
152,C2-Composite.tif,2243,255,255,255,2966.602,1184.926,2966.602,1184.926,203.238,57.006,50.098,47.909,60.828,571965,571965,2943,1163,152.592,56,0,0
153,C2-Composite.tif,4704,255,255,255,1898.892,1210.469,1898.892,1210.469,315.747,81.791,73.227,32.077,92.282,1199520,1199520,1864,1233,29.899,74.314,0,0
154,C2-Composite.tif,1304,255,255,255,3016.993,1193.956,3016.993,1193.956,143.095,47.093,35.256,24.03,50,332520,332520,2994,1203,16.26,36.865,0,0
155,C2-Composite.tif,2789,255,255,255,3646.686,1207.751,3646.686,1207.751,264.836,72.748,48.813,175.52,85.094,711195,711195,3602,1204,177.306,51,0,0
156,C2-Composite.tif,1960,255,255,255,2941.92,1237.226,2941.92,1237.226,183.622,60.555,41.212,104.737,62.201,499800,499800,2944,1205,94.611,42.209,0,0
157,C2-Composite.tif,5407,255,255,255,1360.48,1261.468,1360.48,1261.468,365.002,96.601,71.266,152.313,109.124,1378785,1378785,1303,1250,153.905,76.709,0,0
158,C2-Composite.tif,1978,255,255,255,2738.365,1242.707,2738.365,1242.707,184.894,56.413,44.643,3.026,59.54,504390,504390,2707,1244,172.278,45,0,0
159,C2-Composite.tif,2432,255,255,255,3624.394,1256.326,3624.394,1256.326,212.936,61.482,50.365,11.852,63.906,620160,620160,3594,1240,159.864,51.75,0,0
160,C2-Composite.tif,1610,255,255,255,2794.07,1284.974,2794.07,1284.974,172.409,53.484,38.328,81.498,54.781,410550,410550,2786,1312,68.587,38.42,0,0
161,C2-Composite.tif,1821,255,255,255,1068.123,1294.101,1068.123,1294.101,201.765,57.519,40.309,73.459,61.612,464355,464355,1059,1324,76.866,42.196,0,0
162,C2-Composite.tif,2801,255,255,255,1102.67,1314.275,1102.67,1314.275,255.706,74.698,47.743,44.144,83.726,714255,714255,1063,1336,29.32,49.897,0,0
163,C2-Composite.tif,2400,255,255,255,2737.329,1323.27,2737.329,1323.27,207.38,62.687,48.746,36.168,69.065,612000,612000,2710,1337,34.38,51.56,0,0
164,C2-Composite.tif,2509,255,255,255,1651.577,1330.896,1651.577,1330.896,232.492,64.999,49.148,152.459,71.589,639795,639795,1616,1316,155.225,54.775,0,0
165,C2-Composite.tif,2838,255,255,255,1141.463,1340.694,1141.463,1340.694,254.777,68.723,52.58,33.611,74.706,723690,723690,1103,1353,27.937,57.835,0,0
166,C2-Composite.tif,4599,255,255,255,3588.736,1357.611,3588.736,1357.611,324.233,79.993,73.202,167.22,85.755,1172745,1172745,3571,1316,121.651,79.32,0,0
167,C2-Composite.tif,2982,255,255,255,445.518,1358.566,445.518,1358.566,246.978,66.369,57.208,133.453,73.43,760410,760410,432,1320,119.358,62.545,0,0
168,C2-Composite.tif,2543,255,255,255,1594.251,1362.037,1594.251,1362.037,232.978,62.063,52.171,90.626,65,648465,648465,1577,1391,75.75,53.843,0,0
169,C2-Composite.tif,2694,255,255,255,1479.824,1359.228,1479.824,1359.228,319.848,67.383,50.905,161.834,72.111,686970,686970,1446,1364,19.44,60.288,0,0
170,C2-Composite.tif,4851,255,255,255,3037.744,1378.186,3037.744,1378.186,378.517,88.107,70.102,27.423,94.403,1237005,1237005,2998,1410,36.384,75.416,0,0
171,C2-Composite.tif,3711,255,255,255,1710.531,1369.684,1710.531,1369.684,315.605,83.151,56.824,6.464,89.627,946305,946305,1670,1357,169.066,58.203,0,0
172,C2-Composite.tif,1966,255,255,255,1637.955,1387.164,1637.955,1387.164,196.108,55.219,45.332,55.571,60.605,501330,501330,1620,1410,52.374,47.753,0,0
173,C2-Composite.tif,1366,255,255,255,1749.415,1408.93,1749.415,1408.93,169.924,42.761,40.673,131.859,49.244,348330,348330,1749,1384,102.907,42.28,0,0
174,C2-Composite.tif,4571,255,255,255,1834.006,1461.265,1834.006,1461.265,338.576,91.697,63.47,23.967,102,1165605,1165605,1784,1485,28.072,68.611,0,0
175,C2-Composite.tif,1339,255,255,255,3446.566,1452.23,3446.566,1452.23,180.167,56.656,30.092,114.147,62.801,341445,341445,3422,1430,127.235,33.471,0,0
176,C2-Composite.tif,2775,255,255,255,1530.432,1468.994,1530.432,1468.994,219.622,64.22,55.018,16.536,65.521,707625,707625,1499,1479,15.945,55.972,0,0
177,C2-Composite.tif,7271,255,255,255,1142.906,1484.422,1142.906,1484.422,379.789,107.085,86.452,24.021,119.57,1854105,1854105,1093,1508,32.361,90.973,0,0
178,C2-Composite.tif,3629,255,255,255,3387.733,1478.843,3387.733,1478.843,300.333,79.291,58.274,22.975,88.091,925395,925395,3353,1481,2.603,69.292,0,0
179,C2-Composite.tif,1194,255,255,255,322.545,1494.511,322.545,1494.511,208.794,49.349,30.806,75.137,62.968,304470,304470,301,1509,43.069,40.4,0,0
180,C2-Composite.tif,4823,255,255,255,3530.765,1506.088,3530.765,1506.088,357.103,87.035,70.556,22.037,101.178,1229865,1229865,3510,1550,47.003,74.123,0,0
181,C2-Composite.tif,2101,255,255,255,3439.467,1509.851,3439.467,1509.851,214.794,60.851,43.961,58.848,68.118,535755,535755,3416,1533,49.764,46.287,0,0
182,C2-Composite.tif,4073,255,255,255,3003.305,1531.944,3003.305,1531.944,287.948,85.056,60.971,14.187,88.566,1038615,1038615,2966,1557,25.408,65.614,0,0
183,C2-Composite.tif,3546,255,255,255,309.939,1546.579,309.939,1546.579,261.848,75.855,59.521,22.144,84.149,904230,904230,269,1554,3.406,64,0,0
184,C2-Composite.tif,1883,255,255,255,379.653,1538.403,379.653,1538.403,178.066,51.701,46.372,36.672,56.939,480165,480165,354,1551,30.619,48.701,0,0
185,C2-Composite.tif,1813,255,255,255,3691.407,1552.572,3691.407,1552.572,238.208,54.771,42.146,103.353,64.444,462315,462315,3663,1530,131.855,51.518,0,0
186,C2-Composite.tif,4560,255,255,255,2240.881,1604.277,2240.881,1604.277,380.96,89.647,64.765,47.688,111.072,1162800,1162800,2203,1634,43.176,69.673,0,0
187,C2-Composite.tif,2890,255,255,255,875.696,1588.931,875.696,1588.931,287.605,70.2,52.417,172.246,80.081,736950,736950,837,1614,15.945,56.754,0,0
188,C2-Composite.tif,4237,255,255,255,984.02,1600.004,984.02,1600.004,285.505,82.661,65.263,33.241,82.855,1080435,1080435,946,1616,23.471,66.236,0,0
189,C2-Composite.tif,3408,255,255,255,1662.023,1604.992,1662.023,1604.992,274.392,78.752,55.099,71.548,80.777,869040,869040,1642,1639,58.671,56.669,0,0
190,C2-Composite.tif,2119,255,255,255,3700.433,1602.685,3700.433,1602.685,285.806,66.96,40.293,38.149,88.323,540345,540345,3652,1622,30.63,48.191,0,0
191,C2-Composite.tif,2370,255,255,255,3448.461,1605.687,3448.461,1605.687,280.936,71.612,42.138,28.003,89.56,604350,604350,3412,1610,16.209,44.081,0,0
192,C2-Composite.tif,4679,255,255,255,3311.23,1624.017,3311.23,1624.017,325.203,95.451,62.414,25.307,104.809,1193145,1193145,3260,1640,15.495,67.561,0,0
193,C2-Composite.tif,1248,255,255,255,3496.23,1616.901,3496.23,1616.901,146.61,47.854,33.205,150.069,51.662,318240,318240,3476,1597,137.353,33.982,0,0
194,C2-Composite.tif,2899,255,255,255,2343.066,1639.24,2343.066,1639.24,240.049,83.811,44.041,132.423,89.095,739245,739245,2305,1613,135,44.305,0,0
195,C2-Composite.tif,2827,255,255,255,330.567,1653.947,330.567,1653.947,250.007,63.662,56.54,91.39,76.968,720885,720885,316,1626,114.567,57,0,0
196,C2-Composite.tif,4514,255,255,255,1927.957,1659.159,1927.957,1659.159,313.404,81.888,70.186,164.321,89.286,1151070,1151070,1883,1660,164.407,73,0,0
197,C2-Composite.tif,2473,255,255,255,2317.716,1667.117,2317.716,1667.117,227.605,76.152,41.348,129.72,81.006,630615,630615,2301,1625,118.78,41.638,0,0
198,C2-Composite.tif,1730,255,255,255,874.259,1661.687,874.259,1661.687,214.35,57.26,38.468,9.147,71.063,441150,441150,847,1652,166.159,43.347,0,0
199,C2-Composite.tif,4941,255,255,255,1458.71,1687.274,1458.71,1687.274,283.948,82.7,76.071,43.892,85.428,1259955,1259955,1435,1724,51.654,78.146,0,0
200,C2-Composite.tif,1808,255,255,255,3280.131,1681.293,3280.131,1681.293,208.149,53.876,42.728,107.595,70.385,461040,461040,3270,1653,112.557,44.548,0,0
201,C2-Composite.tif,1438,255,255,255,3466.431,1672.603,3466.431,1672.603,154.225,47.641,38.431,163.04,53.263,366690,366690,3447,1656,140.332,37.901,0,0
202,C2-Composite.tif,2086,255,255,255,457.317,1697.817,457.317,1697.817,210.208,65.984,40.252,132.852,68.819,531930,531930,432,1676,125.538,45.569,0,0
203,C2-Composite.tif,1365,255,255,255,867.564,1713.91,867.564,1713.91,163.723,50.726,34.262,14.92,51.923,348075,348075,843,1720,15.642,35.948,0,0
204,C2-Composite.tif,2998,255,255,255,2024.366,1741.65,2024.366,1741.65,239.078,70.72,53.976,4.286,76.4,764490,764490,1987,1731,165.6,57.96,0,0
205,C2-Composite.tif,1800,255,255,255,416.556,1741.76,416.556,1741.76,194.794,54.372,42.151,93.965,58.873,459000,459000,406,1715,110.898,45.957,0,0
206,C2-Composite.tif,1986,255,255,255,1922.613,1738.784,1922.613,1738.784,208.794,55.25,45.767,152.248,64.382,506430,506430,1891,1723,173.758,46.114,0,0
207,C2-Composite.tif,5238,255,255,255,754.296,1761.604,754.296,1761.604,383.588,92.912,71.78,145.946,112.112,1335690,1335690,696,1761,177.444,77.142,0,0
208,C2-Composite.tif,3852,255,255,255,3219.81,1761.105,3219.81,1761.105,408.316,87.076,56.325,149.187,93.107,982260,982260,3182,1731,155.913,69.077,0,0
209,C2-Composite.tif,3271,255,255,255,480.188,1772.222,480.188,1772.222,266.978,74.04,56.25,153.748,80.529,834105,834105,469,1732,114.974,60.074,0,0
210,C2-Composite.tif,1867,255,255,255,982.533,1766.302,982.533,1766.302,189.522,58.086,40.924,78.105,61.188,476085,476085,978,1797,78.69,43.981,0,0
211,C2-Composite.tif,2470,255,255,255,1889.539,1775.995,1889.539,1775.995,244.149,65.984,47.661,80.147,71.805,629850,629850,1881,1808,77.125,50.616,0,0
212,C2-Composite.tif,1579,255,255,255,914.231,1765.508,914.231,1765.508,166.995,56.714,35.449,44.016,60.141,402645,402645,891,1787,47.021,37.746,0,0
213,C2-Composite.tif,1584,255,255,255,1964.808,1771.928,1964.808,1771.928,170.309,49.579,40.679,88.462,55.082,403920,403920,1959,1800,74.197,41.134,0,0
214,C2-Composite.tif,1253,255,255,255,2070.075,1774.573,2070.075,1774.573,144.409,42.056,37.934,140.547,45.453,319515,319515,2061,1751,129.644,38.8,0,0
215,C2-Composite.tif,3587,255,255,255,3399.186,1789.223,3399.186,1789.223,265.563,80.568,56.686,26.475,83.63,914685,914685,3374,1822,48.879,58.571,0,0
216,C2-Composite.tif,2231,255,255,255,2026.687,1796.355,2026.687,1796.355,204.936,65.242,43.539,153.899,68.096,568905,568905,1998,1775,150.046,47.457,0,0
217,C2-Composite.tif,1854,255,255,255,899.393,1814.364,899.393,1814.364,195.037,58.964,40.035,126.793,63.127,472770,472770,880,1793,139.497,44.3,0,0
218,C2-Composite.tif,2074,255,255,255,3569.004,1833.818,3569.004,1833.818,215.078,67.453,39.149,50.71,70.178,528870,528870,3550,1863,49.044,44.174,0,0
219,C2-Composite.tif,2363,255,255,255,3641.751,1841.763,3641.751,1841.763,198.693,68.61,43.852,126.248,69.527,602565,602565,3612,1822,139.667,44.039,0,0
220,C2-Composite.tif,3820,255,255,255,2182.549,1848.456,2182.549,1848.456,288.191,73.124,66.514,172.077,79.649,974100,974100,2160,1819,128.884,69.494,0,0
221,C2-Composite.tif,3245,255,255,255,3449.179,1851.771,3449.179,1851.771,243.664,79.808,51.77,93.11,79.076,827475,827475,3440,1891,76.842,53.555,0,0
222,C2-Composite.tif,2299,255,255,255,939.504,1852.832,939.504,1852.832,207.522,63.672,45.973,8.694,67.469,586245,586245,904,1844,168.024,48.534,0,0
223,C2-Composite.tif,4625,255,255,255,2946.62,1875.524,2946.62,1875.524,350.132,82.226,71.617,153.544,87.92,1179375,1179375,2923,1834,123.871,70.835,0,0
224,C2-Composite.tif,2488,255,255,255,3864.118,1901.514,3864.118,1901.514,291.865,61.589,51.435,106.322,80.654,634440,634440,3863,1853,107.312,55,0,0
225,C2-Composite.tif,1655,255,255,255,423.302,1880.108,423.302,1880.108,208.35,48.105,43.804,100.762,65.115,422025,422025,391,1901,42.51,48.717,0,0
226,C2-Composite.tif,1918,255,255,255,3608.414,1904.947,3608.414,1904.947,185.137,62.061,39.349,173.069,65.008,489090,489090,3575,1900,179.119,40.261,0,0
227,C2-Composite.tif,6952,255,255,255,3426.339,1961.18,3426.339,1961.18,393.345,108.159,81.838,71.875,115.248,1772760,1772760,3401,2006,59.207,90.988,0,0
228,C2-Composite.tif,2480,255,255,255,446.826,1951.6,446.826,1951.6,256.392,75.492,41.828,31.369,87.864,632400,632400,414,1975,41.309,48.699,0,0
229,C2-Composite.tif,3067,255,255,255,1684.264,1970.39,1684.264,1970.39,352.132,67.895,57.516,10.044,84.054,782085,782085,1642,1959,177.955,59.384,0,0
230,C2-Composite.tif,2193,255,255,255,2156.915,1975.072,2156.915,1975.072,198.593,59.19,47.174,50.08,64.14,559215,559215,2139,2002,59.036,50.181,0,0
231,C2-Composite.tif,5088,255,255,255,3257.219,2019.954,3257.219,2019.954,324.375,89.54,72.351,89.364,105.119,1297440,1297440,3248,2071,78.476,73.736,0,0
232,C2-Composite.tif,1964,255,255,255,2222.712,1995.036,2222.712,1995.036,186.693,50.485,49.533,10.883,52.953,500820,500820,2197,2000,10.886,50.799,0,0
233,C2-Composite.tif,6527,255,255,255,667.408,2026.671,667.408,2026.671,442.156,103.502,80.293,28.155,118.596,1664385,1664385,617,2045,17.671,86.491,0,0
234,C2-Composite.tif,1751,255,255,255,1960.696,2016.908,1960.696,2016.908,176.894,53.709,41.509,1.333,56.613,446505,446505,1934,2010,162.525,43.007,0,0
235,C2-Composite.tif,6136,255,255,255,433.829,2061.104,433.829,2061.104,432.399,90.033,86.775,59.062,106.301,1564680,1564680,418,2111,85.684,88.948,0,0
236,C2-Composite.tif,1833,255,255,255,1928.854,2057.706,1928.854,2057.706,202.551,54.598,42.746,101.92,58.523,467415,467415,1915,2082,70.017,45.231,0,0
237,C2-Composite.tif,1638,255,255,255,1980.617,2052.022,1980.617,2052.022,173.238,48.677,42.845,17.993,51.478,417690,417690,1965,2072,60.945,43.323,0,0
238,C2-Composite.tif,2069,255,255,255,3134.235,2075.748,3134.235,2075.748,180.309,55.125,47.788,159.995,56.754,527595,527595,3107,2069,165.719,48.699,0,0
239,C2-Composite.tif,1943,255,255,255,3440.698,2092.205,3440.698,2092.205,256.191,50.585,48.906,2.116,70.605,495465,495465,3414,2090,164.389,51.817,0,0
240,C2-Composite.tif,7531,255,255,255,615.063,2140.997,615.063,2140.997,580.808,105.037,91.289,134.471,123.016,1920405,1920405,610,2081,90.932,99.046,0,0
241,C2-Composite.tif,1598,255,255,255,1932.69,2103.651,1932.69,2103.651,163.196,47.065,43.23,56.867,51.088,407490,407490,1916,2124,40.236,44.461,0,0
242,C2-Composite.tif,1720,255,255,255,162.114,2116.176,162.114,2116.176,173.681,61.482,35.62,132.083,66.708,438600,438600,137,2096,139.865,38.552,0,0
243,C2-Composite.tif,1374,255,255,255,2778.543,2116.354,2778.543,2116.354,150.752,45.87,38.139,108.237,49.041,350370,350370,2768,2093,110.283,40,0,0
244,C2-Composite.tif,1843,255,255,255,112.346,2138.503,112.346,2138.503,244.836,54.329,43.192,147.812,69.426,469965,469965,88,2108,138.504,47.246,0,0
245,C2-Composite.tif,4080,255,255,255,2483.71,2149.702,2483.71,2149.702,269.362,73.676,70.509,109.84,76.694,1040400,1040400,2457,2121,140.29,71.918,0,0
246,C2-Composite.tif,1277,255,255,255,3176.297,2145.693,3176.297,2145.693,179.48,48.378,33.609,100.283,52.631,325635,325635,3174,2118,104.3,39.845,0,0
247,C2-Composite.tif,1655,255,255,255,3434.06,2147.336,3434.06,2147.336,197.865,55.618,37.888,42.996,64.07,422025,422025,3415,2175,55.814,39.468,0,0
248,C2-Composite.tif,2876,255,255,255,2749.153,2168.928,2749.153,2168.928,220.492,70.6,51.867,137.342,70.831,733380,733380,2717,2153,149.452,52.846,0,0
249,C2-Composite.tif,1507,255,255,255,169.493,2158.393,169.493,2158.393,172.167,50.233,38.197,11.457,53.46,384285,384285,140,2156,7.524,38.924,0,0
250,C2-Composite.tif,1901,255,255,255,3675.192,2183.737,3675.192,2183.737,190.593,56.081,43.16,86.64,66.37,484755,484755,3673,2215,83.946,45,0,0
251,C2-Composite.tif,1797,255,255,255,3265.877,2179.467,3265.877,2179.467,196.936,50.256,45.527,81.628,55.803,458235,458235,3242,2194,36.254,46.542,0,0
252,C2-Composite.tif,2219,255,255,255,3740.728,2187.743,3740.728,2187.743,204.894,61.743,45.759,10.328,62.298,565845,565845,3712,2201,18.726,47.183,0,0
253,C2-Composite.tif,1861,255,255,255,3326.168,2188.504,3326.168,2188.504,209.907,52.128,45.455,72.716,61.033,474555,474555,3309,2219,55.008,46.99,0,0
254,C2-Composite.tif,1793,255,255,255,3498.502,2192.506,3498.502,2192.506,217.421,54.836,41.631,68.327,61.057,457215,457215,3490,2222,58.392,48.79,0,0
255,C2-Composite.tif,1742,255,255,255,3539.481,2199.503,3539.481,2199.503,187.966,54.278,40.863,112.188,60.166,444210,444210,3522,2172,111.448,44.029,0,0
256,C2-Composite.tif,2730,255,255,255,3347.845,2230.57,3347.845,2230.57,245.463,77.897,44.623,45.719,81.302,696150,696150,3309,2254,31.931,48.365,0,0
257,C2-Composite.tif,1500,255,255,255,2684.531,2229.581,2684.531,2229.581,231.765,66.182,28.858,164.386,78.313,382500,382500,2639,2223,174.872,37.912,0,0
258,C2-Composite.tif,3926,255,255,255,128.246,2254.842,128.246,2254.842,300.291,73.858,67.681,95.282,85.703,1001130,1001130,103,2219,131.689,68.165,0,0
259,C2-Composite.tif,2925,255,255,255,3174.685,2252.436,3174.685,2252.436,230.978,63.484,58.664,62.711,66.491,745875,745875,3168,2286,77.845,60.076,0,0
260,C2-Composite.tif,1661,255,255,255,1161.286,2248.239,1161.286,2248.239,170.208,47.458,44.562,156.215,52.555,423555,423555,1140,2231,158.806,45.488,0,0
261,C2-Composite.tif,1486,255,255,255,3527.242,2253.678,3527.242,2253.678,164.267,51.111,37.018,61.184,60.033,378930,378930,3514,2281,60.018,41.719,0,0
262,C2-Composite.tif,5530,255,255,255,2719.401,2284.069,2719.401,2284.069,461.571,86.964,80.964,113.482,109.124,1410150,1410150,2670,2258,138.715,85.142,0,0
263,C2-Composite.tif,1792,255,255,255,3488.443,2263.729,3488.443,2263.729,175.924,51.45,44.347,133.355,57.689,456960,456960,3465,2250,146.31,45.877,0,0
264,C2-Composite.tif,2095,255,255,255,1193.911,2275.212,1193.911,2275.212,185.38,63.446,42.043,52.627,65.437,534225,534225,1173,2300,51.203,42.682,0,0
265,C2-Composite.tif,2216,255,255,255,1175.91,2329.227,1175.91,2329.227,217.078,56.625,49.827,110.909,66.483,565080,565080,1171,2300,105.709,53.6,0,0
266,C2-Composite.tif,2205,255,255,255,2440.49,2356.873,2440.49,2356.873,192.309,53.781,52.202,94.307,59.464,562275,562275,2416,2375,47.726,52.9,0,0
267,C2-Composite.tif,2485,255,255,255,2389.444,2368.677,2389.444,2368.677,192.409,60.986,51.88,65.483,63.246,633675,633675,2376,2396,71.565,54.694,0,0
268,C2-Composite.tif,6396,255,255,255,2987.417,2389.533,2987.417,2389.533,366.902,103.974,78.324,2.616,108.167,1630980,1630980,2935,2391,176.82,85.505,0,0
269,C2-Composite.tif,3614,255,255,255,1144.998,2406.117,1144.998,2406.117,353.203,70.541,65.231,29.298,82.292,921570,921570,1130,2372,115.942,68.708,0,0
270,C2-Composite.tif,1721,255,255,255,3637.496,2410.623,3637.496,2410.623,188.409,48.23,45.433,77.71,61.294,438855,438855,3623,2379,95.618,45,0,0
271,C2-Composite.tif,1593,255,255,255,3697.447,2411.071,3697.447,2411.071,171.037,52.892,38.348,80.958,62.968,406215,406215,3691,2441,79.939,41.416,0,0
272,C2-Composite.tif,6103,255,255,255,927.552,2434.152,927.552,2434.152,518.34,115.933,67.026,133.627,130.484,1556265,1556265,872,2398,139.351,73.278,0,0
273,C2-Composite.tif,4045,255,255,255,2737.082,2433.598,2737.082,2433.598,369.931,84.409,61.016,88.248,91.761,1031475,1031475,2715,2472,69.59,72.978,0,0
274,C2-Composite.tif,1956,255,255,255,2392.989,2418.868,2392.989,2418.868,192.208,55.389,44.963,1.429,60.208,498780,498780,2362,2416,175.236,50.517,0,0
275,C2-Composite.tif,1684,255,255,255,3659.56,2444.318,3659.56,2444.318,218.149,52.058,41.187,21.312,60.075,429420,429420,3630,2443,2.862,51.471,0,0
276,C2-Composite.tif,2707,255,255,255,2570.636,2455.588,2570.636,2455.588,224.635,67.655,50.945,136.523,73.756,690285,690285,2551,2423,130.601,50.912,0,0
277,C2-Composite.tif,4847,255,255,255,38.359,2471.26,38.359,2471.26,312.676,84.786,72.788,52.731,86.833,1235985,1235985,15,2509,61.074,76.939,0,0
278,C2-Composite.tif,3191,255,255,255,2548.022,2499.203,2548.022,2499.203,263.362,85.758,47.376,140.661,91.417,813705,813705,2526,2455,120.211,47.2,0,0
279,C2-Composite.tif,1071,255,255,255,1027.533,2483.711,1027.533,2483.711,250.534,52.032,26.208,96.723,58.052,273105,273105,1019,2459,100.923,32.797,0,0
280,C2-Composite.tif,1527,255,255,255,995.117,2491.805,995.117,2491.805,178.794,49.758,39.074,150.269,56.08,389385,389385,976,2469,140.064,42.63,0,0
281,C2-Composite.tif,4621,255,255,255,883.648,2525.869,883.648,2525.869,423.428,80.013,73.534,128.456,100.21,1178355,1178355,862,2579,53.931,79.551,0,0
282,C2-Composite.tif,2823,255,255,255,3552.341,2523.306,3552.341,2523.306,214.593,62.536,57.477,131.119,64.661,719865,719865,3532,2499,129.352,58.585,0,0
283,C2-Composite.tif,3206,255,255,255,2690.798,2559.379,2690.798,2559.379,241.421,73.598,55.463,94.4,77.078,817530,817530,2685,2521,112.906,56.501,0,0
284,C2-Composite.tif,1917,255,255,255,2426.191,2552.18,2426.191,2552.18,198.936,59.949,40.715,83.091,62.394,488835,488835,2419,2585,83.558,43.38,0,0
285,C2-Composite.tif,1760,255,255,255,2367.285,2559.19,2367.285,2559.19,183.037,57.428,39.021,86.423,60.828,448800,448800,2361,2590,80.538,41.487,0,0
